model_name,true_positive_pct,true_negative_pct,false_positive_pct,false_negative_pct,total_accuracy
logistic_regression,35.68904593639576,28.975265017667844,20.848056537102472,14.487632508833922,64.66431095406361
linear_svm,33.92226148409894,28.975265017667844,20.848056537102472,16.25441696113074,62.897526501766784
rbf_svm,39.57597173144876,36.39575971731449,13.42756183745583,10.60070671378092,75.97173144876325
random_forest,34.98233215547703,38.16254416961131,11.66077738515901,15.19434628975265,73.14487632508833
