model_name,true_positive_pct,true_negative_pct,false_positive_pct,false_negative_pct,total_accuracy
logistic_regression,37.102473498233216,34.275618374558306,15.547703180212014,13.074204946996467,71.37809187279152
linear_svm,37.45583038869258,33.92226148409894,15.901060070671377,12.720848056537102,71.37809187279152
rbf_svm,35.3356890459364,36.39575971731449,13.42756183745583,14.840989399293287,71.73144876325088
random_forest,34.275618374558306,37.80918727915194,12.014134275618375,15.901060070671377,72.08480565371025
