model_name,true_positive_pct,true_negative_pct,false_positive_pct,false_negative_pct,total_accuracy
logistic_regression,35.68904593639576,29.681978798586574,20.141342756183747,14.487632508833922,65.37102473498233
linear_svm,35.3356890459364,29.328621908127207,20.49469964664311,14.840989399293287,64.66431095406361
rbf_svm,40.98939929328622,32.86219081272085,16.96113074204947,9.187279151943462,73.85159010600707
random_forest,35.68904593639576,35.3356890459364,14.487632508833922,14.487632508833922,71.02473498233215
